{
    "name": "Global Information",
    "numberOfRequests": {
        "total": 247174,
        "ok": 94235,
        "ko": 152939
    },
    "minResponseTime": {
        "total": 0,
        "ok": 0,
        "ko": 1
    },
    "maxResponseTime": {
        "total": 110078,
        "ok": 105428,
        "ko": 110078
    },
    "meanResponseTime": {
        "total": 12854,
        "ok": 22007,
        "ko": 7214
    },
    "standardDeviation": {
        "total": 15692,
        "ok": 17356,
        "ko": 11354
    },
    "percentiles1": {
        "total": 4375,
        "ok": 20441,
        "ko": 2833
    },
    "percentiles2": {
        "total": 19825,
        "ok": 30881,
        "ko": 5981
    },
    "percentiles3": {
        "total": 52076,
        "ok": 54820,
        "ko": 28966
    },
    "percentiles4": {
        "total": 59437,
        "ok": 57309,
        "ko": 60002
    },
    "group1": {
    "name": "t < 800 ms",
    "count": 10740,
    "percentage": 4
},
    "group2": {
    "name": "800 ms < t < 1200 ms",
    "count": 1169,
    "percentage": 0
},
    "group3": {
    "name": "t > 1200 ms",
    "count": 82326,
    "percentage": 33
},
    "group4": {
    "name": "failed",
    "count": 152939,
    "percentage": 62
},
    "meanNumberOfRequestsPerSecond": {
        "total": 523.6737288135594,
        "ok": 199.65042372881356,
        "ko": 324.02330508474574
    }
}