{
    "name": "Global Information",
    "numberOfRequests": {
        "total": 176271,
        "ok": 81176,
        "ko": 95095
    },
    "minResponseTime": {
        "total": 0,
        "ok": 0,
        "ko": 1
    },
    "maxResponseTime": {
        "total": 60783,
        "ok": 60690,
        "ko": 60783
    },
    "meanResponseTime": {
        "total": 10289,
        "ok": 15724,
        "ko": 5649
    },
    "standardDeviation": {
        "total": 9858,
        "ok": 11399,
        "ko": 4740
    },
    "percentiles1": {
        "total": 5970,
        "ok": 17916,
        "ko": 4012
    },
    "percentiles2": {
        "total": 17355,
        "ok": 24958,
        "ko": 7806
    },
    "percentiles3": {
        "total": 29113,
        "ok": 31962,
        "ko": 13784
    },
    "percentiles4": {
        "total": 34753,
        "ok": 36183,
        "ko": 21079
    },
    "group1": {
    "name": "t < 800 ms",
    "count": 14725,
    "percentage": 8
},
    "group2": {
    "name": "800 ms < t < 1200 ms",
    "count": 1583,
    "percentage": 1
},
    "group3": {
    "name": "t > 1200 ms",
    "count": 64868,
    "percentage": 37
},
    "group4": {
    "name": "failed",
    "count": 95095,
    "percentage": 54
},
    "meanNumberOfRequestsPerSecond": {
        "total": 495.14325842696627,
        "ok": 228.02247191011236,
        "ko": 267.1207865168539
    }
}