{
    "name": "Global Information",
    "numberOfRequests": {
        "total": 15144,
        "ok": 14120,
        "ko": 1024
    },
    "minResponseTime": {
        "total": 0,
        "ok": 0,
        "ko": 60000
    },
    "maxResponseTime": {
        "total": 60060,
        "ok": 60028,
        "ko": 60060
    },
    "meanResponseTime": {
        "total": 25641,
        "ok": 23149,
        "ko": 60001
    },
    "standardDeviation": {
        "total": 18706,
        "ok": 16837,
        "ko": 4
    },
    "percentiles1": {
        "total": 24181,
        "ok": 21776,
        "ko": 60001
    },
    "percentiles2": {
        "total": 40155,
        "ok": 36262,
        "ko": 60001
    },
    "percentiles3": {
        "total": 60000,
        "ok": 50560,
        "ko": 60002
    },
    "percentiles4": {
        "total": 60001,
        "ok": 57117,
        "ko": 60020
    },
    "group1": {
    "name": "t < 800 ms",
    "count": 2236,
    "percentage": 15
},
    "group2": {
    "name": "800 ms < t < 1200 ms",
    "count": 27,
    "percentage": 0
},
    "group3": {
    "name": "t > 1200 ms",
    "count": 11857,
    "percentage": 78
},
    "group4": {
    "name": "failed",
    "count": 1024,
    "percentage": 7
},
    "meanNumberOfRequestsPerSecond": {
        "total": 30.40963855421687,
        "ok": 28.353413654618475,
        "ko": 2.0562248995983934
    }
}