{
    "name": "Global Information",
    "numberOfRequests": {
        "total": 73342,
        "ok": 51568,
        "ko": 21774
    },
    "minResponseTime": {
        "total": 0,
        "ok": 0,
        "ko": 1
    },
    "maxResponseTime": {
        "total": 60077,
        "ok": 60007,
        "ko": 60077
    },
    "meanResponseTime": {
        "total": 20444,
        "ok": 6804,
        "ko": 52748
    },
    "standardDeviation": {
        "total": 26267,
        "ok": 14387,
        "ko": 18698
    },
    "percentiles1": {
        "total": 567,
        "ok": 8,
        "ko": 60007
    },
    "percentiles2": {
        "total": 60000,
        "ok": 3005,
        "ko": 60013
    },
    "percentiles3": {
        "total": 60015,
        "ok": 45224,
        "ko": 60019
    },
    "percentiles4": {
        "total": 60019,
        "ok": 57447,
        "ko": 60020
    },
    "group1": {
    "name": "t < 800 ms",
    "count": 36681,
    "percentage": 50
},
    "group2": {
    "name": "800 ms < t < 1200 ms",
    "count": 435,
    "percentage": 1
},
    "group3": {
    "name": "t > 1200 ms",
    "count": 14452,
    "percentage": 20
},
    "group4": {
    "name": "failed",
    "count": 21774,
    "percentage": 30
},
    "meanNumberOfRequestsPerSecond": {
        "total": 123.26386554621848,
        "ok": 86.66890756302521,
        "ko": 36.594957983193275
    }
}