{
    "name": "Global Information",
    "numberOfRequests": {
        "total": 196882,
        "ok": 66016,
        "ko": 130866
    },
    "minResponseTime": {
        "total": 1,
        "ok": 1,
        "ko": 1
    },
    "maxResponseTime": {
        "total": 87466,
        "ok": 87466,
        "ko": 65524
    },
    "meanResponseTime": {
        "total": 12285,
        "ok": 18994,
        "ko": 8901
    },
    "standardDeviation": {
        "total": 16722,
        "ok": 14902,
        "ko": 16568
    },
    "percentiles1": {
        "total": 4073,
        "ok": 20107,
        "ko": 3162
    },
    "percentiles2": {
        "total": 16963,
        "ok": 28935,
        "ko": 5800
    },
    "percentiles3": {
        "total": 60002,
        "ok": 46140,
        "ko": 60006
    },
    "percentiles4": {
        "total": 60013,
        "ok": 58345,
        "ko": 60014
    },
    "group1": {
    "name": "t < 800 ms",
    "count": 8149,
    "percentage": 4
},
    "group2": {
    "name": "800 ms < t < 1200 ms",
    "count": 2230,
    "percentage": 1
},
    "group3": {
    "name": "t > 1200 ms",
    "count": 55637,
    "percentage": 28
},
    "group4": {
    "name": "failed",
    "count": 130866,
    "percentage": 66
},
    "meanNumberOfRequestsPerSecond": {
        "total": 484.9310344827586,
        "ok": 162.60098522167488,
        "ko": 322.33004926108373
    }
}