{
    "name": "Global Information",
    "numberOfRequests": {
        "total": 139901,
        "ok": 79727,
        "ko": 60174
    },
    "minResponseTime": {
        "total": 0,
        "ok": 0,
        "ko": 2
    },
    "maxResponseTime": {
        "total": 81765,
        "ok": 77262,
        "ko": 81765
    },
    "meanResponseTime": {
        "total": 10519,
        "ok": 15910,
        "ko": 3376
    },
    "standardDeviation": {
        "total": 12737,
        "ok": 14212,
        "ko": 4480
    },
    "percentiles1": {
        "total": 3664,
        "ok": 15611,
        "ko": 2750
    },
    "percentiles2": {
        "total": 19981,
        "ok": 25925,
        "ko": 3812
    },
    "percentiles3": {
        "total": 39223,
        "ok": 43097,
        "ko": 7253
    },
    "percentiles4": {
        "total": 46228,
        "ok": 49149,
        "ko": 21099
    },
    "group1": {
    "name": "t < 800 ms",
    "count": 16078,
    "percentage": 11
},
    "group2": {
    "name": "800 ms < t < 1200 ms",
    "count": 2665,
    "percentage": 2
},
    "group3": {
    "name": "t > 1200 ms",
    "count": 60984,
    "percentage": 44
},
    "group4": {
    "name": "failed",
    "count": 60174,
    "percentage": 43
},
    "meanNumberOfRequestsPerSecond": {
        "total": 404.33815028901734,
        "ok": 230.42485549132948,
        "ko": 173.91329479768785
    }
}