{
    "name": "Global Information",
    "numberOfRequests": {
        "total": 133467,
        "ok": 82170,
        "ko": 51297
    },
    "minResponseTime": {
        "total": 0,
        "ok": 0,
        "ko": 1710
    },
    "maxResponseTime": {
        "total": 60041,
        "ok": 59913,
        "ko": 60041
    },
    "meanResponseTime": {
        "total": 8163,
        "ok": 11663,
        "ko": 2557
    },
    "standardDeviation": {
        "total": 12157,
        "ok": 14219,
        "ko": 3103
    },
    "percentiles1": {
        "total": 2389,
        "ok": 2543,
        "ko": 2388
    },
    "percentiles2": {
        "total": 11419,
        "ok": 24380,
        "ko": 2470
    },
    "percentiles3": {
        "total": 35303,
        "ok": 38657,
        "ko": 2590
    },
    "percentiles4": {
        "total": 44101,
        "ok": 46251,
        "ko": 2702
    },
    "group1": {
    "name": "t < 800 ms",
    "count": 39188,
    "percentage": 29
},
    "group2": {
    "name": "800 ms < t < 1200 ms",
    "count": 666,
    "percentage": 0
},
    "group3": {
    "name": "t > 1200 ms",
    "count": 42316,
    "percentage": 32
},
    "group4": {
    "name": "failed",
    "count": 51297,
    "percentage": 38
},
    "meanNumberOfRequestsPerSecond": {
        "total": 350.3070866141732,
        "ok": 215.66929133858267,
        "ko": 134.63779527559055
    }
}